
[
  {"state":"New York" , 
    "towns": [
    {"town":"New York"},
    {"town":"Buffalo"},
    {"town":"Rochester"},
    {"town":"Yonkers"},
    {"town":"Syracuse"},
    {"town":"Albany"},
    {"town":"New Rochelle"},
    {"town":"Mount Vernon"},
    {"town":"Schenectady"},
    {"town":"Utica"},
    {"town":"White Plains"},
    {"town":"Hempstead"},
    {"town":"Troy"},
    {"town":"Niagara Falls"},
    {"town":"Binghamton"},
    {"town":"Freeport"}
]},
      {"state":"California" , "towns": [
        {"town":"Los Angeles"},
        {"town":"San Diego"},
        {"town":"San Jose"},
        {"town":"San Francisco"},
        {"town":"Fresno"},
        {"town":"Sacramento"},
        {"town":"Long Beach"},
        {"town":"Oakland"},
        {"town":"Bakersfield"},
        {"town":"Anaheim"},
        {"town":"Santa Ana"},
        {"town":"Riverside"},
        {"town":"Stockton"},
        {"town":"Chula Vista"},
        {"town":"Irvine"},
        {"town":"Fremont"},
        {"town":"San Bernardino"},
        {"town":"Modesto"},
        {"town":"Fontana"},
        {"town":"Oxnard"},
        {"town":"Moreno Valley"},
        {"town":"Huntington Beach"},
        {"town":"Glendale"},
        {"town":"Santa Clarita"},
        {"town":"Garden Grove"},
        {"town":"Oceanside"},
        {"town":"Rancho Cucamonga"},
        {"town":"Santa Rosa"},
        {"town":"Ontario"},
        {"town":"Lancaster"},
        {"town":"Elk Grove"},
        {"town":"Corona"},
        {"town":"Palmdale"},
        {"town":"Salinas"},
        {"town":"Pomona"},
        {"town":"Hayward"},
        {"town":"Escondido"},
        {"town":"Torrance"},
        {"town":"Sunnyvale"},
        {"town":"Orange"},
        {"town":"Fullerton"},
        {"town":"Pasadena"},
        {"town":"Thousand Oaks"},
        {"town":"Visalia"},
        {"town":"Simi Valley"},
        {"town":"Concord"},
        {"town":"Roseville"},
        {"town":"Victorville"},
        {"town":"Santa Clara"},
        {"town":"Vallejo"},
        {"town":"Berkeley"},
        {"town":"El Monte"},
        {"town":"Downey"},
        {"town":"Costa Mesa"},
        {"town":"Inglewood"},
        {"town":"Carlsbad"},
        {"town":"San Buenaventura (Ventura)"},
        {"town":"Fairfield"},
        {"town":"West Covina"},
        {"town":"Murrieta"},
        {"town":"Richmond"},
        {"town":"Norwalk"},
        {"town":"Antioch"},
        {"town":"Temecula"},
        {"town":"Burbank"},
        {"town":"Daly City"},
        {"town":"Rialto"},
        {"town":"Santa Maria"},
        {"town":"El Cajon"},
        {"town":"San Mateo"},
        {"town":"Clovis"},
        {"town":"Compton"},
        {"town":"Jurupa Valley"},
        {"town":"Vista"},
        {"town":"South Gate"},
        {"town":"Mission Viejo"},
        {"town":"Vacaville"},
        {"town":"Carson"},
        {"town":"Hesperia"},
        {"town":"Santa Monica"},
        {"town":"Westminster"},
        {"town":"Redding"},
        {"town":"Santa Barbara"},
        {"town":"Chico"},
        {"town":"Newport Beach"},
        {"town":"San Leandro"},
        {"town":"San Marcos"},
        {"town":"Whittier"},
        {"town":"Hawthorne"},
        {"town":"Citrus Heights"},
        {"town":"Tracy"},
        {"town":"Alhambra"},
        {"town":"Livermore"},
        {"town":"Buena Park"},
        {"town":"Menifee"},
        {"town":"Hemet"},
        {"town":"Lakewood"},
        {"town":"Merced"},
        {"town":"Chino"},
        {"town":"Indio"},
        {"town":"Redwood City"},
        {"town":"Lake Forest"},
        {"town":"Napa"},
        {"town":"Tustin"},
        {"town":"Bellflower"},
        {"town":"Mountain View"},
        {"town":"Chino Hills"},
        {"town":"Baldwin Park"},
        {"town":"Alameda"},
        {"town":"Upland"},
        {"town":"San Ramon"},
        {"town":"Folsom"},
        {"town":"Pleasanton"},
        {"town":"Union City"},
        {"town":"Perris"},
        {"town":"Manteca"},
        {"town":"Lynwood"},
        {"town":"Apple Valley"},
        {"town":"Redlands"},
        {"town":"Turlock"},
        {"town":"Milpitas"},
        {"town":"Redondo Beach"},
        {"town":"Rancho Cordova"},
        {"town":"Yorba Linda"},
        {"town":"Palo Alto"},
        {"town":"Davis"},
        {"town":"Camarillo"},
        {"town":"Walnut Creek"},
        {"town":"Pittsburg"},
        {"town":"South San Francisco"},
        {"town":"Yuba City"},
        {"town":"San Clemente"},
        {"town":"Laguna Niguel"},
        {"town":"Pico Rivera"},
        {"town":"Montebello"},
        {"town":"Lodi"},
        {"town":"Madera"},
        {"town":"Santa Cruz"},
        {"town":"La Habra"},
        {"town":"Encinitas"},
        {"town":"Monterey Park"},
        {"town":"Tulare"},
        {"town":"Cupertino"},
        {"town":"Gardena"},
        {"town":"National City"},
        {"town":"Rocklin"},
        {"town":"Petaluma"},
        {"town":"Huntington Park"},
        {"town":"San Rafael"},
        {"town":"La Mesa"},
        {"town":"Arcadia"},
        {"town":"Fountain Valley"},
        {"town":"Diamond Bar"},
        {"town":"Woodland"},
        {"town":"Santee"},
        {"town":"Lake Elsinore"},
        {"town":"Porterville"},
        {"town":"Paramount"},
        {"town":"Eastvale"},
        {"town":"Rosemead"},
        {"town":"Hanford"},
        {"town":"Highland"},
        {"town":"Brentwood"},
        {"town":"Novato"},
        {"town":"Colton"},
        {"town":"Cathedral City"},
        {"town":"Delano"},
        {"town":"Yucaipa"},
        {"town":"Watsonville"},
        {"town":"Placentia"},
        {"town":"Glendora"},
        {"town":"Gilroy"},
        {"town":"Palm Desert"},
        {"town":"Cerritos"},
        {"town":"West Sacramento"},
        {"town":"Aliso Viejo"},
        {"town":"Poway"},
        {"town":"La Mirada"},
        {"town":"Rancho Santa Margarita"},
        {"town":"Cypress"},
        {"town":"Dublin"},
        {"town":"Covina"},
        {"town":"Azusa"},
        {"town":"Palm Springs"},
        {"town":"San Luis Obispo"},
        {"town":"Ceres"},
        {"town":"San Jacinto"},
        {"town":"Lincoln"},
        {"town":"Newark"},
        {"town":"Lompoc"},
        {"town":"El Centro"},
        {"town":"Danville"},
        {"town":"Bell Gardens"},
        {"town":"Coachella"},
        {"town":"Rancho Palos Verdes"},
        {"town":"San Bruno"},
        {"town":"Rohnert Park"},
        {"town":"Brea"},
        {"town":"La Puente"},
        {"town":"Campbell"},
        {"town":"San Gabriel"},
        {"town":"Beaumont"},
        {"town":"Morgan Hill"},
        {"town":"Culver City"},
        {"town":"Calexico"},
        {"town":"Stanton"},
        {"town":"La Quinta"},
        {"town":"Pacifica"},
        {"town":"Montclair"},
        {"town":"Oakley"},
        {"town":"Monrovia"},
        {"town":"Los Banos"},
        {"town":"Martinez"}
      ]},
      {"state":"Illinois" , "towns": [
        {"town":"Chicago"},
        {"town":"Aurora"},
        {"town":"Rockford"},
        {"town":"Joliet"},
        {"town":"Naperville"},
        {"town":"Springfield"},
        {"town":"Peoria"},
        {"town":"Elgin"},
        {"town":"Waukegan"},
        {"town":"Cicero"},
        {"town":"Champaign"},
        {"town":"Bloomington"},
        {"town":"Arlington Heights"},
        {"town":"Evanston"},
        {"town":"Decatur"},
        {"town":"Schaumburg"},
        {"town":"Bolingbrook"},
        {"town":"Palatine"},
        {"town":"Skokie"},
        {"town":"Des Plaines"},
        {"town":"Orland Park"},
        {"town":"Tinley Park"},
        {"town":"Oak Lawn"},
        {"town":"Berwyn"},
        {"town":"Mount Prospect"},
        {"town":"Normal"},
        {"town":"Wheaton"},
        {"town":"Hoffman Estates"},
        {"town":"Oak Park"},
        {"town":"Downers Grove"},
        {"town":"Elmhurst"},
        {"town":"Glenview"},
        {"town":"De Kalb"},
        {"town":"Lombard"},
        {"town":"Belleville"},
        {"town":"Moline"},
        {"town":"Buffalo Grove"},
        {"town":"Bartlett"},
        {"town":"Urbana"},
        {"town":"Quincy"},
        {"town":"Crystal Lake"},
        {"town":"Plainfield"},
        {"town":"Streamwood"},
        {"town":"Carol Stream"},
        {"town":"Romeoville"},
        {"town":"Rock Island"},
        {"town":"Hanover Park"},
        {"town":"Carpentersville"},
        {"town":"Wheeling"},
        {"town":"Park Ridge"},
        {"town":"Addison"},
        {"town":"Calumet City"}
      ]},
      {"state":"Texas" , "towns": [
        {"town":"Houston"},
        {"town":"San Antonio"},
        {"town":"Dallas"},
        {"town":"Austin"},
        {"town":"Fort Worth"},
        {"town":"El Paso"},
        {"town":"Arlington"},
        {"town":"Corpus Christi"},
        {"town":"Plano"},
        {"town":"Laredo"},
        {"town":"Lubbock"},
        {"town":"Garland"},
        {"town":"Irving"},
        {"town":"Amarillo"},
        {"town":"Grand Prairie"},
        {"town":"Brownsville"},
        {"town":"Pasadena"},
        {"town":"Mc Kinney"},
        {"town":"Mesquite"},
        {"town":"Mc Allen"},
        {"town":"Killeen"},
        {"town":"Frisco"},
        {"town":"Waco"},
        {"town":"Carrollton"},
        {"town":"Denton"},
        {"town":"Midland"},
        {"town":"Abilene"},
        {"town":"Beaumont"},
        {"town":"Round Rock"},
        {"town":"Odessa"},
        {"town":"Wichita Falls"},
        {"town":"Richardson"},
        {"town":"Lewisville"},
        {"town":"Tyler"},
        {"town":"College Station"},
        {"town":"Pearland"},
        {"town":"San Angelo"},
        {"town":"Allen"},
        {"town":"League City"},
        {"town":"Sugar Land"},
        {"town":"Longview"},
        {"town":"Edinburg"},
        {"town":"Mission"},
        {"town":"Bryan"},
        {"town":"Baytown"},
        {"town":"Pharr"},
        {"town":"Temple"},
        {"town":"Missouri City"},
        {"town":"Flower Mound"},
        {"town":"Harlingen"},
        {"town":"North Richland Hills"},
        {"town":"Victoria"},
        {"town":"Conroe"},
        {"town":"New Braunfels"},
        {"town":"Mansfield"},
        {"town":"Cedar Park"},
        {"town":"Rowlett"},
        {"town":"Port Arthur"},
        {"town":"Euless"},
        {"town":"Georgetown"},
        {"town":"Pflugerville"},
        {"town":"De Soto"},
        {"town":"San Marcos"},
        {"town":"Grapevine"},
        {"town":"Bedford"},
        {"town":"Galveston"},
        {"town":"Cedar Hill"},
        {"town":"Texas City"},
        {"town":"Wylie"},
        {"town":"Haltom City"},
        {"town":"Keller"},
        {"town":"Coppell"},
        {"town":"Rockwall"},
        {"town":"Huntsville"},
        {"town":"Duncanville"},
        {"town":"Sherman"},
        {"town":"The Colony"},
        {"town":"Burleson"},
        {"town":"Hurst"},
        {"town":"Lancaster"},
        {"town":"Texarkana"},
        {"town":"Friendswood"},
        {"town":"Weslaco"}
      ]},
      {"state":"Pennsylvania" , "towns": [
        {"town":"Philadelphia"},
        {"town":"Pittsburgh"},
        {"town":"Allentown"},
        {"town":"Erie"},
        {"town":"Reading"},
        {"town":"Scranton"},
        {"town":"Bethlehem"},
        {"town":"Lancaster"},
        {"town":"Harrisburg"},
        {"town":"Altoona"},
        {"town":"York"},
        {"town":"state College"},
        {"town":"Wilkes-Barre"}
      ]},
      {"state":"Arizona" , "towns": [
        {"town":"Phoenix"},
        {"town":"Tucson"},
        {"town":"Mesa"},
        {"town":"Chandler"},
        {"town":"Glendale"},
        {"town":"Scottsdale"},
        {"town":"Gilbert"},
        {"town":"Tempe"},
        {"town":"Peoria"},
        {"town":"Surprise"},
        {"town":"Yuma"},
        {"town":"Avondale"},
        {"town":"Goodyear"},
        {"town":"Flagstaff"},
        {"town":"Buckeye"},
        {"town":"Lake Havasu City"},
        {"town":"Casa Grande"},
        {"town":"Sierra Vista"},
        {"town":"Maricopa"},
        {"town":"Oro Valley"},
        {"town":"Prescott"},
        {"town":"Bullhead City"},
        {"town":"Prescott Valley"},
        {"town":"Marana"},
        {"town":"Apache Junction"}
      ]},
      {"state":"Florida" , "towns": [
        {"town":"Jacksonville"},
        {"town":"Miami"},
        {"town":"Tampa"},
        {"town":"Orlando"},
        {"town":"St. Petersburg"},
        {"town":"Hialeah"},
        {"town":"Tallahassee"},
        {"town":"Fort Lauderdale"},
        {"town":"Port St. Lucie"},
        {"town":"Cape Coral"},
        {"town":"Pembroke Pines"},
        {"town":"Hollywood"},
        {"town":"Miramar"},
        {"town":"Gainesville"},
        {"town":"Coral Springs"},
        {"town":"Miami Gardens"},
        {"town":"Clearwater"},
        {"town":"Palm Bay"},
        {"town":"Pompano Beach"},
        {"town":"West Palm Beach"},
        {"town":"Lakeland"},
        {"town":"Davie"},
        {"town":"Miami Beach"},
        {"town":"Sunrise"},
        {"town":"Plantation"},
        {"town":"Boca Raton"},
        {"town":"Deltona"},
        {"town":"Largo"},
        {"town":"Deerfield Beach"},
        {"town":"Palm Coast"},
        {"town":"Melbourne"},
        {"town":"Boynton Beach"},
        {"town":"Lauderhill"},
        {"town":"Weston"},
        {"town":"Fort Myers"},
        {"town":"Kissimmee"},
        {"town":"Homestead"},
        {"town":"Tamarac"},
        {"town":"Delray Beach"},
        {"town":"Daytona Beach"},
        {"town":"North Miami"},
        {"town":"Wellington"},
        {"town":"North Port"},
        {"town":"Jupiter"},
        {"town":"Ocala"},
        {"town":"Port Orange"},
        {"town":"Margate"},
        {"town":"Coconut Creek"},
        {"town":"Sanford"},
        {"town":"Sarasota"},
        {"town":"Pensacola"},
        {"town":"Bradenton"},
        {"town":"Palm Beach Gardens"},
        {"town":"Pinellas Park"},
        {"town":"Coral Gables"},
        {"town":"Doral"},
        {"town":"Bonita Springs"},
        {"town":"Apopka"},
        {"town":"Titusville"},
        {"town":"North Miami Beach"},
        {"town":"Oakland Park"},
        {"town":"Fort Pierce"},
        {"town":"North Lauderdale"},
        {"town":"Cutler Bay"},
        {"town":"Altamonte Springs"},
        {"town":"St. Cloud"},
        {"town":"Greenacres"},
        {"town":"Ormond Beach"},
        {"town":"Ocoee"},
        {"town":"Hallandale Beach"},
        {"town":"Winter Garden"},
        {"town":"Aventura"}
      ]},
      {"state":"Indiana" , "towns": [
        {"town":"Indianapolis"},
        {"town":"Fort Wayne"},
        {"town":"Evansville"},
        {"town":"South Bend"},
        {"town":"Carmel"},
        {"town":"Bloomington"},
        {"town":"Fishers"},
        {"town":"Hammond"},
        {"town":"Gary"},
        {"town":"Muncie"},
        {"town":"Lafayette"},
        {"town":"Terre Haute"},
        {"town":"Kokomo"},
        {"town":"Anderson"},
        {"town":"Noblesville"},
        {"town":"Greenwood"},
        {"town":"Elkhart"},
        {"town":"Mishawaka"},
        {"town":"Lawrence"},
        {"town":"Jeffersonville"},
        {"town":"Columbus"},
        {"town":"Portage"}
      ]},
      {"state":"Ohio" , "towns": [
        {"town":"Columbus"},
        {"town":"Cleveland"},
        {"town":"Cincinnati"},
        {"town":"Toledo"},
        {"town":"Akron"},
        {"town":"Dayton"},
        {"town":"Parma"},
        {"town":"Canton"},
        {"town":"Youngstown"},
        {"town":"Lorain"},
        {"town":"Hamilton"},
        {"town":"Springfield"},
        {"town":"Kettering"},
        {"town":"Elyria"},
        {"town":"Lakewood"},
        {"town":"Cuyahoga Falls"},
        {"town":"Middletown"},
        {"town":"Euclid"},
        {"town":"Newark"},
        {"town":"Mansfield"},
        {"town":"Mentor"},
        {"town":"Beavercreek"},
        {"town":"Cleveland Heights"},
        {"town":"Strongsville"},
        {"town":"Dublin"},
        {"town":"Fairfield"},
        {"town":"Findlay"},
        {"town":"Warren"},
        {"town":"Lancaster"},
        {"town":"Lima"},
        {"town":"Huber Heights"},
        {"town":"Westerville"},
        {"town":"Marion"},
        {"town":"Grove City"}
      ]},
      {"state":"North Carolina" , "towns": [
        {"town":"Charlotte"},
        {"town":"Raleigh"},
        {"town":"Greensboro"},
        {"town":"Durham"},
        {"town":"Winston-Salem"},
        {"town":"Fayetteville"},
        {"town":"Cary"},
        {"town":"Wilmington"},
        {"town":"High Point"},
        {"town":"Greenville"},
        {"town":"Asheville"},
        {"town":"Concord"},
        {"town":"Gastonia"},
        {"town":"Jacksonville"},
        {"town":"Chapel Hill"},
        {"town":"Rocky Mount"},
        {"town":"Burlington"},
        {"town":"Wilson"},
        {"town":"Huntersville"},
        {"town":"Kannapolis"},
        {"town":"Apex"},
        {"town":"Hickory"},
        {"town":"Goldsboro"}
      ]},
      {"state":"Michigan" , "towns": [
        {"town":"Detroit"},
        {"town":"Grand Rapids"},
        {"town":"Warren"},
        {"town":"Sterling Heights"},
        {"town":"Ann Arbor"},
        {"town":"Lansing"},
        {"town":"Flint"},
        {"town":"Dearborn"},
        {"town":"Livonia"},
        {"town":"Westland"},
        {"town":"Troy"},
        {"town":"Farmington Hills"},
        {"town":"Kalamazoo"},
        {"town":"Wyoming"},
        {"town":"Southfield"},
        {"town":"Rochester Hills"},
        {"town":"Taylor"},
        {"town":"Pontiac"},
        {"town":"St. Clair Shores"},
        {"town":"Royal Oak"},
        {"town":"Novi"},
        {"town":"Dearborn Heights"},
        {"town":"Battle Creek"},
        {"town":"Saginaw"},
        {"town":"Kentwood"},
        {"town":"East Lansing"},
        {"town":"Roseville"},
        {"town":"Portage"},
        {"town":"Midland"},
        {"town":"Lincoln Park"},
        {"town":"Muskegon"}
      ]},
      {"state":"Tennessee" , "towns": [
        {"town":"Memphis"},
        {"town":"Nashville-Davidson"},
        {"town":"Knoxville"},
        {"town":"Chattanooga"},
        {"town":"Clarksville"},
        {"town":"Murfreesboro"},
        {"town":"Jackson"},
        {"town":"Franklin"},
        {"town":"Johnson City"},
        {"town":"Bartlett"},
        {"town":"Hendersonville"},
        {"town":"Kingsport"},
        {"town":"Collierville"},
        {"town":"Cleveland"},
        {"town":"Smyrna"},
        {"town":"Germantown"},
        {"town":"Brentwood"}
      ]},
      {"state":"Massachusetts" , "towns": [
        {"town":"Boston"},
        {"town":"Worcester"},
        {"town":"Springfield"},
        {"town":"Lowell"},
        {"town":"Cambridge"},
        {"town":"New Bedford"},
        {"town":"Brockton"},
        {"town":"Quincy"},
        {"town":"Lynn"},
        {"town":"Fall River"},
        {"town":"Newton"},
        {"town":"Lawrence"},
        {"town":"Somerville"},
        {"town":"Waltham"},
        {"town":"Haverhill"},
        {"town":"Malden"},
        {"town":"Medford"},
        {"town":"Taunton"},
        {"town":"Chicopee"},
        {"town":"Weymouth Town"},
        {"town":"Revere"},
        {"town":"Peabody"},
        {"town":"Methuen"},
        {"town":"Barnstable Town"},
        {"town":"Pittsfield"},
        {"town":"Attleboro"},
        {"town":"Everett"},
        {"town":"Salem"},
        {"town":"Westfield"},
        {"town":"Leominster"},
        {"town":"Fitchburg"},
        {"town":"Beverly"},
        {"town":"Holyoke"},
        {"town":"Marlborough"},
        {"town":"Woburn"},
        {"town":"Chelsea"}
      ]},
      {"state":"Washington" , "towns": [
        {"town":"Seattle"},
        {"town":"Spokane"},
        {"town":"Tacoma"},
        {"town":"Vancouver"},
        {"town":"Bellevue"},
        {"town":"Kent"},
        {"town":"Everett"},
        {"town":"Renton"},
        {"town":"Yakima"},
        {"town":"Federal Way"},
        {"town":"Spokane Valley"},
        {"town":"Bellingham"},
        {"town":"Kennewick"},
        {"town":"Auburn"},
        {"town":"Pasco"},
        {"town":"Marysville"},
        {"town":"Lakewood"},
        {"town":"Redmond"},
        {"town":"Shoreline"},
        {"town":"Richland"},
        {"town":"Kirkland"},
        {"town":"Burien"},
        {"town":"Sammamish"},
        {"town":"Olympia"},
        {"town":"Lacey"},
        {"town":"Edmonds"},
        {"town":"Bremerton"},
        {"town":"Puyallup"}
      ]},
      {"state":"Colorado" , "towns": [
        {"town":"Denver"},
        {"town":"Colorado Springs"},
        {"town":"Aurora"},
        {"town":"Fort Collins"},
        {"town":"Lakewood"},
        {"town":"Thornton"},
        {"town":"Arvada"},
        {"town":"Westminster"},
        {"town":"Pueblo"},
        {"town":"Centennial"},
        {"town":"Boulder"},
        {"town":"Greeley"},
        {"town":"Longmont"},
        {"town":"Loveland"},
        {"town":"Grand Junction"},
        {"town":"Broomfield"},
        {"town":"Castle Rock"},
        {"town":"Commerce City"},
        {"town":"Parker"},
        {"town":"Littleton"},
        {"town":"Northglenn"}
      ]},
      {"state":"District of Columbia" , "towns": [
        {"town":"Washington"}
      ]},
      {"state":"Maryland" , "towns": [
        {"town":"Baltimore"},
        {"town":"Frederick"},
        {"town":"Rockville"},
        {"town":"Gaithersburg"},
        {"town":"Bowie"},
        {"town":"Hagerstown"},
        {"town":"Annapolis"}
      ]},
      {"state":"Kentucky" , "towns": [
        {"town":"Louisville/Jefferson County"},
        {"town":"Lexington-Fayette"},
        {"town":"Bowling Green"},
        {"town":"Owensboro"},
        {"town":"Covington"}
      ]},
      {"state":"Oregon" , "towns": [
        {"town":"Portland"},
        {"town":"Eugene"},
        {"town":"Salem"},
        {"town":"Gresham"},
        {"town":"Hillsboro"},
        {"town":"Beaverton"},
        {"town":"Bend"},
        {"town":"Medford"},
        {"town":"Springfield"},
        {"town":"Corvallis"},
        {"town":"Albany"},
        {"town":"Tigard"},
        {"town":"Lake Oswego"},
        {"town":"Keizer"}
      ]},
      {"state":"Oklahoma" , "towns": [
        {"town":"Oklahoma City"},
        {"town":"Tulsa"},
        {"town":"Norman"},
        {"town":"Broken Arrow"},
        {"town":"Lawton"},
        {"town":"Edmond"},
        {"town":"Moore"},
        {"town":"Midwest City"},
        {"town":"Enid"},
        {"town":"Stillwater"},
        {"town":"Muskogee"}
      ]},
      {"state":"Wisconsin" , "towns": [
        {"town":"Milwaukee"},
        {"town":"Madison"},
        {"town":"Green Bay"},
        {"town":"Kenosha"},
        {"town":"Racine"},
        {"town":"Appleton"},
        {"town":"Waukesha"},
        {"town":"Eau Claire"},
        {"town":"Oshkosh"},
        {"town":"Janesville"},
        {"town":"West Allis"},
        {"town":"La Crosse"},
        {"town":"Sheboygan"},
        {"town":"Wauwatosa"},
        {"town":"Fond du Lac"},
        {"town":"New Berlin"},
        {"town":"Wausau"},
        {"town":"Brookfield"},
        {"town":"Greenfield"},
        {"town":"Beloit"}
      ]},
      {"state":"Nevada" , "towns": [
        {"town":"Las Vegas"},
        {"town":"Henderson"},
        {"town":"Reno"},
        {"town":"North Las Vegas"},
        {"town":"Sparks"},
        {"town":"Carson City"}
      ]},
      {"state":"New Mexico" , "towns": [
        {"town":"Albuquerque"},
        {"town":"Las Cruces"},
        {"town":"Rio Rancho"},
        {"town":"Santa Fe"},
        {"town":"Roswell"},
        {"town":"Farmington"},
        {"town":"Clovis"}
      ]},
      {"state":"Missouri" , "towns": [
        {"town":"Kansas City"},
        {"town":"St. Louis"},
        {"town":"Springfield"},
        {"town":"Independence"},
        {"town":"Columbia"},
        {"town":"Lee's Summit"},
        {"town":"O'Fallon"},
        {"town":"St. Joseph"},
        {"town":"St. Charles"},
        {"town":"St. Peters"},
        {"town":"Blue Springs"},
        {"town":"Florissant"},
        {"town":"Joplin"},
        {"town":"Chesterfield"},
        {"town":"Jefferson City"},
        {"town":"Cape Girardeau"}
      ]},
      {"state":"Virginia" , "towns": [
        {"town":"Virginia Beach"},
        {"town":"Norfolk"},
        {"town":"Chesapeake"},
        {"town":"Richmond"},
        {"town":"Newport News"},
        {"town":"Alexandria"},
        {"town":"Hampton"},
        {"town":"Roanoke"},
        {"town":"Portsmouth"},
        {"town":"Suffolk"},
        {"town":"Lynchburg"},
        {"town":"Harrisonburg"},
        {"town":"Leesburg"},
        {"town":"Charlottesville"},
        {"town":"Danville"},
        {"town":"Blacksburg"},
        {"town":"Manassas"}
      ]},
      {"state":"Georgia" , "towns": [
        {"town":"Atlanta"},
        {"town":"Columbus"},
        {"town":"Augusta-Richmond County"},
        {"town":"Savannah"},
        {"town":"Athens-Clarke County"},
        {"town":"Sandy Springs"},
        {"town":"Roswell"},
        {"town":"Macon"},
        {"town":"Johns Creek"},
        {"town":"Albany"},
        {"town":"Warner Robins"},
        {"town":"Alpharetta"},
        {"town":"Marietta"},
        {"town":"Valdosta"},
        {"town":"Smyrna"},
        {"town":"Dunwoody"}
      ]},
      {"state":"Nebraska" , "towns": [
        {"town":"Omaha"},
        {"town":"Lincoln"},
        {"town":"Bellevue"},
        {"town":"Grand Island"}
      ]},
      {"state":"Minnesota" , "towns": [
        {"town":"Minneapolis"},
        {"town":"St. Paul"},
        {"town":"Rochester"},
        {"town":"Duluth"},
        {"town":"Bloomington"},
        {"town":"Brooklyn Park"},
        {"town":"Plymouth"},
        {"town":"St. Cloud"},
        {"town":"Eagan"},
        {"town":"Woodbury"},
        {"town":"Maple Grove"},
        {"town":"Eden Prairie"},
        {"town":"Coon Rapids"},
        {"town":"Burnsville"},
        {"town":"Blaine"},
        {"town":"Lakeville"},
        {"town":"Minnetonka"},
        {"town":"Apple Valley"},
        {"town":"Edina"},
        {"town":"St. Louis Park"},
        {"town":"Mankato"},
        {"town":"Maplewood"},
        {"town":"Moorhead"},
        {"town":"Shakopee"}
      ]},
      {"state":"Kansas" , "towns": [
        {"town":"Wichita"},
        {"town":"Overland Park"},
        {"town":"Kansas City"},
        {"town":"Olathe"},
        {"town":"Topeka"},
        {"town":"Lawrence"},
        {"town":"Shawnee"},
        {"town":"Manhattan"},
        {"town":"Lenexa"},
        {"town":"Salina"},
        {"town":"Hutchinson"}
      ]},
      {"state":"Louisiana" , "towns": [
        {"town":"New Orleans"},
        {"town":"Baton Rouge"},
        {"town":"Shreveport"},
        {"town":"Lafayette"},
        {"town":"Lake Charles"},
        {"town":"Kenner"},
        {"town":"Bossier City"},
        {"town":"Monroe"},
        {"town":"Alexandria"}
      ]},
      {"state":"Hawaii" , "towns": [
        {"town":"Honolulu"}
      ]},
      {"state":"Alaska" , "towns": [
        {"town":"Anchorage"}
      ]},
      {"state":"New Jersey" , "towns": [
        {"town":"Newark"},
        {"town":"Jersey City"},
        {"town":"Paterson"},
        {"town":"Elizabeth"},
        {"town":"Clifton"},
        {"town":"Trenton"},
        {"town":"Camden"},
        {"town":"Passaic"},
        {"town":"Union City"},
        {"town":"Bayonne"},
        {"town":"East Orange"},
        {"town":"Vineland"},
        {"town":"New Brunswick"},
        {"town":"Hoboken"},
        {"town":"Perth Amboy"},
        {"town":"West New York"},
        {"town":"Plainfield"},
        {"town":"Hackensack"},
        {"town":"Sayreville"},
        {"town":"Kearny"},
        {"town":"Linden"},
        {"town":"Atlantic City"}
      ]},
      {"state":"Idaho" , "towns": [
        {"town":"Boise City"},
        {"town":"Nampa"},
        {"town":"Meridian"},
        {"town":"Idaho Falls"},
        {"town":"Pocatello"},
        {"town":"Caldwell"},
        {"town":"Coeur d'Alene"},
        {"town":"Twin Falls"}
      ]},
      {"state":"Alabama" , "towns": [
        {"town":"Birmingham"},
        {"town":"Montgomery"},
        {"town":"Mobile"},
        {"town":"Huntsville"},
        {"town":"Tuscaloosa"},
        {"town":"Hoover"},
        {"town":"Dothan"},
        {"town":"Auburn"},
        {"town":"Decatur"},
        {"town":"Madison"},
        {"town":"Florence"},
        {"town":"Gadsden"}
      ]},
      {"state":"Iowa" , "towns": [
        {"town":"Des Moines"},
        {"town":"Cedar Rapids"},
        {"town":"Davenport"},
        {"town":"Sioux City"},
        {"town":"Iowa City"},
        {"town":"Waterloo"},
        {"town":"Council Bluffs"},
        {"town":"Ames"},
        {"town":"West Des Moines"},
        {"town":"Dubuque"},
        {"town":"Ankeny"},
        {"town":"Urbandale"},
        {"town":"Cedar Falls"}
      ]},
      {"state":"Arkansas" , "towns": [
        {"town":"Little Rock"},
        {"town":"Fort Smith"},
        {"town":"Fayetteville"},
        {"town":"Springdale"},
        {"town":"Jonesboro"},
        {"town":"North Little Rock"},
        {"town":"Conway"},
        {"town":"Rogers"},
        {"town":"Pine Bluff"},
        {"town":"Bentonville"}
      ]},
      {"state":"Utah" , "towns": [
        {"town":"Salt Lake City"},
        {"town":"West Valley City"},
        {"town":"Provo"},
        {"town":"West Jordan"},
        {"town":"Orem"},
        {"town":"Sandy"},
        {"town":"Ogden"},
        {"town":"St. George"},
        {"town":"Layton"},
        {"town":"Taylorsville"},
        {"town":"South Jordan"},
        {"town":"Lehi"},
        {"town":"Logan"},
        {"town":"Murray"},
        {"town":"Draper"},
        {"town":"Bountiful"},
        {"town":"Riverton"},
        {"town":"Roy"}
      ]},
      {"state":"Rhode Island" , "towns": [
        {"town":"Providence"},
        {"town":"Warwick"},
        {"town":"Cranston"},
        {"town":"Pawtucket"},
        {"town":"East Providence"},
        {"town":"Woonsocket"}
      ]},
      {"state":"Mississippi" , "towns": [
        {"town":"Jackson"},
        {"town":"Gulfport"},
        {"town":"Southaven"},
        {"town":"Hattiesburg"},
        {"town":"Biloxi"},
        {"town":"Meridian"}
      ]},
      {"state":"South Dakota" , "towns": [
        {"town":"Sioux Falls"},
        {"town":"Rapid City"}
      ]},
      {"state":"Connecticut" , "towns": [
        {"town":"Bridgeport"},
        {"town":"New Haven"},
        {"town":"Stamford"},
        {"town":"Hartford"},
        {"town":"Waterbury"},
        {"town":"Norwalk"},
        {"town":"Danbury"},
        {"town":"New Britain"},
        {"town":"Meriden"},
        {"town":"Bristol"},
        {"town":"West Haven"},
        {"town":"Milford"},
        {"town":"Middletown"},
        {"town":"Norwich"},
        {"town":"Shelton"}
      ]},
      {"state":"South Carolina" , "towns": [
        {"town":"Columbia"},
        {"town":"Charleston"},
        {"town":"North Charleston"},
        {"town":"Mount Pleasant"},
        {"town":"Rock Hill"},
        {"town":"Greenville"},
        {"town":"Summerville"},
        {"town":"Sumter"},
        {"town":"Goose Creek"},
        {"town":"Hilton Head Island"},
        {"town":"Florence"},
        {"town":"Spartanburg"}
      ]},
      {"state":"New Hampshire" , "towns": [
        {"town":"Manchester"},
        {"town":"Nashua"},
        {"town":"Concord"}
      ]},
      {"state":"North Dakota" , "towns": [
        {"town":"Fargo"},
        {"town":"Bismarck"},
        {"town":"Grand Forks"},
        {"town":"Minot"}
      ]},
      {"state":"Montana" , "towns": [
        {"town":"Billings"},
        {"town":"Missoula"},
        {"town":"Great Falls"},
        {"town":"Bozeman"}
      ]},
      {"state":"Delaware" , "towns": [
        {"town":"Wilmington"},
        {"town":"Dover"}
      ]},
      {"state":"Maine" , "towns": [
        {"town":"Portland"}
      ]},
      {"state":"Wyoming" , "towns": [
        {"town":"Cheyenne"},
        {"town":"Casper"}
      ]},
      {"state":"West Virginia" , "towns": [
        {"town":"Charleston"},
        {"town":"Huntington"}
      ]},
      {"state":"Vermont" , "towns": [
        {"town":"Burlington"}
      ]}
    ]